"","H","methods","t"
"1",600,"Gini",0.00146812459025142
"2",601,"Gini",0.00238487063519716
"3",602,"Gini",0.00311945879515635
"4",603,"Gini",0.00224155758512629
"5",604,"Gini",0.00149924194380197
"6",605,"Gini",-0.0000966106327237592
"7",606,"Gini",0.0000481107944137471
"8",607,"Gini",-0.000120325351772921
"9",608,"Gini",0.000910533513722334
"10",609,"Gini",-0.000673870591972159
"11",610,"Gini",-0.00157968536279035
"12",611,"Gini",-0.00226310843066896
"13",612,"Gini",-0.00093205028532245
"14",613,"Gini",-0.000176451420640433
"15",614,"Gini",-0.00174618287900136
"16",615,"Gini",-0.00268673671290426
"17",616,"Gini",-0.00149984764678041
"18",617,"Gini",-0.00135543205219474
"19",618,"Gini",-0.00198784279304637
"20",619,"Gini",-0.00214972451703316
"21",620,"Gini",-0.00370108232725436
"22",621,"Gini",-0.00321199130567346
"23",622,"Gini",-0.00285729075280555
"24",623,"Gini",-0.00221233584885255
"25",624,"Gini",-0.00148000684172384
"26",625,"Gini",-0.00244908315184494
"27",626,"Gini",-0.00398509350919701
"28",627,"Gini",-0.00456122471565806
"29",628,"Gini",-0.00331745316696824
"30",629,"Gini",-0.00347464740667242
"31",630,"Gini",-0.00333007721362594
"32",631,"Gini",-0.00432217219112224
"33",632,"Gini",-0.00584063642318416
"34",633,"Gini",-0.00637332112490724
"35",634,"Gini",-0.0052009731365294
"36",635,"Gini",-0.00618387240405266
"37",636,"Gini",-0.00768985934501204
"38",637,"Gini",-0.00783821534280776
"39",638,"Gini",-0.0083635943980917
"40",639,"Gini",-0.00722066984280295
"41",640,"Gini",-0.00707250539896637
"42",641,"Gini",-0.00804328465421572
"43",642,"Gini",-0.00727742730676767
"44",643,"Gini",-0.00691976239536013
"45",644,"Gini",-0.00602825825160586
"46",645,"Gini",-0.00497206314586912
"47",646,"Gini",-0.00414297869803587
"48",647,"Gini",-0.00368103424266902
"49",648,"Gini",-0.00383305831010455
"50",649,"Gini",-0.00435570390995649
"51",650,"Gini",-0.00531722130088536
"52",651,"Gini",-0.00517448428780781
"53",652,"Gini",-0.00445738807812029
"54",653,"Gini",-0.00497587607894084
"55",654,"Gini",-0.00593056435407063
"56",655,"Gini",-0.00607752933969935
"57",656,"Gini",-0.00509738349416961
"58",657,"Gini",-0.00449228588995504
"59",658,"Gini",-0.00500678097616175
"60",659,"Gini",-0.00595417889275912
"61",660,"Gini",-0.00581242320623582
"62",661,"Gini",-0.0051114760864322
"63",662,"Gini",-0.00525812435509448
"64",663,"Gini",-0.00492227235368686
"65",664,"Gini",-0.005662026702349
"66",665,"Gini",-0.00636968215206329
"67",666,"Gini",-0.00590963091448587
"68",667,"Gini",-0.00463419877917232
"69",668,"Gini",-0.00478024433480356
"70",669,"Gini",-0.00555498996330689
"71",670,"Gini",-0.00541594583767119
"72",671,"Gini",-0.00607745261112363
"73",672,"Gini",-0.00488325119348149
"74",673,"Gini",-0.00569330725373135
"75",674,"Gini",-0.00631144935110878
"76",675,"Gini",-0.00559959843065178
"77",676,"Gini",-0.00574248753051892
"78",677,"Gini",-0.00560460413060299
"79",678,"Gini",-0.00527567145109148
"80",679,"Gini",-0.00611770564583175
"81",680,"Gini",-0.0052661820290501
"82",681,"Gini",-0.00583899992760945
"83",682,"Gini",-0.00504552599566016
"84",683,"Gini",-0.00397491166831493
"85",684,"Gini",-0.0041185048236842
"86",685,"Gini",-0.0049942191226538
"87",686,"Gini",-0.00431274878123283
"88",687,"Gini",-0.00484270003629622
"89",688,"Gini",-0.00439957919020501
"90",689,"Gini",-0.0042660463115361
"91",690,"Gini",-0.00370051020015755
"92",691,"Gini",-0.00460592481349148
"93",692,"Gini",-0.00474694606367548
"94",693,"Gini",-0.00523508907457043
"95",694,"Gini",-0.00456433782032989
"96",695,"Gini",-0.00358623433433142
"97",696,"Gini",-0.00448530872180192
"98",697,"Gini",-0.00435318550381852
"99",698,"Gini",-0.00343066346215987
"100",699,"Gini",-0.00311472295280318
"101",700,"Gini",-0.00360031628089047
"102",701,"Gini",-0.00374096152148967
"103",702,"Gini",-0.00463213110338762
"104",703,"Gini",-0.0035750276868402
"105",704,"Gini",-0.00405720811997518
"106",705,"Gini",-0.00295127506245912
"107",706,"Gini",-0.00192230228180473
"108",707,"Gini",-0.00280974175242993
"109",708,"Gini",-0.0026820379163211
"110",709,"Gini",-0.00282239136064349
"111",710,"Gini",-0.00239584652481933
"112",711,"Gini",-0.00173883589467555
"113",712,"Gini",-0.0022181774911913
"114",713,"Gini",-0.00309773405573915
"115",714,"Gini",-0.00323652242532618
"116",715,"Gini",-0.00292792343930731
"117",716,"Gini",-0.00280148140348063
"118",717,"Gini",-0.0032759982391995
"119",718,"Gini",-0.00246465312356831
"120",719,"Gini",-0.00333652705248372
"121",720,"Gini",-0.00257907213438263
"122",721,"Gini",-0.00193386312205207
"123",722,"Gini",-0.00140562231633662
"124",723,"Gini",-0.00208548903348676
"125",724,"Gini",-0.00222375856512674
"126",725,"Gini",-0.00288196414201886
"127",726,"Gini",-0.00275732703684722
"128",727,"Gini",-0.0034686858287552
"129",728,"Gini",-0.0040854278700258
"130",729,"Gini",-0.0034446811380327
"131",730,"Gini",-0.00302897001034425
"132",731,"Gini",-0.00316462481189078
"133",732,"Gini",-0.00286329096299737
"134",733,"Gini",-0.00332736567193442
"135",734,"Gini",-0.00320348019525246
"136",735,"Gini",-0.00333815931055276
"137",736,"Gini",-0.00246464659467699
"138",737,"Gini",-0.00292674348208438
"139",738,"Gini",-0.00182203993194424
"140",739,"Gini",-0.00120348574927925
"141",740,"Gini",-0.00108347485743893
"142",741,"Gini",-0.000170787867147359
"143",742,"Gini",-0.000308283611182125
"144",743,"Gini",-0.000769551133392998
"145",744,"Gini",0.000204509004075148
"146",745,"Gini",0.000606951867256955
"147",746,"Gini",0.000897574924510203
"148",747,"Gini",0.0014580564671775
"149",748,"Gini",0.00099751086680161
"150",749,"Gini",0.00176474923003772
"151",750,"Gini",0.00162613939114314
"152",751,"Gini",0.00223732119248005
"153",752,"Gini",0.00235084147575143
"154",753,"Gini",0.00303060128888805
"155",754,"Gini",0.00408284969572553
"156",755,"Gini",0.00362309750723594
"157",756,"Gini",0.00348312961378611
"158",757,"Gini",0.00359425437547539
"159",758,"Gini",0.00420627964466064
"160",759,"Gini",0.00374878777080229
"161",760,"Gini",0.0048345262969311
"162",761,"Gini",0.00579837635053143
"163",762,"Gini",0.00565665586983405
"164",763,"Gini",0.00519966149436385
"165",764,"Gini",0.00548608006605439
"166",765,"Gini",0.00586245479065656
"167",766,"Gini",0.00680194416573848
"168",767,"Gini",0.00690729309669919
"169",768,"Gini",0.00747882043720799
"170",769,"Gini",0.00702302216275924
"171",770,"Gini",0.00688118365353368
"172",771,"Gini",0.00770178808404004
"173",772,"Gini",0.0078052891023413
"174",773,"Gini",0.00879914747541172
"175",774,"Gini",0.0093010872818195
"176",775,"Gini",0.00915722442088701
"177",776,"Gini",0.00977196012304021
"178",777,"Gini",0.0100391928031627
"179",778,"Gini",0.0111058994605724
"180",779,"Gini",0.0118144823165789
"181",780,"Gini",0.0128597480454352
"182",781,"Gini",0.0135206309006076
"183",782,"Gini",0.0136153674010065
"184",783,"Gini",0.0134674644669812
"185",784,"Gini",0.0138329708159704
"186",785,"Gini",0.0146754989868398
"187",786,"Gini",0.0152605979125804
"188",787,"Gini",0.015111356199933
"189",788,"Gini",0.0152033526694923
"190",789,"Gini",0.0154596370800229
"191",790,"Gini",0.0153107101597432
"192",791,"Gini",0.0158460507118797
"193",792,"Gini",0.0167372530755069
"194",793,"Gini",0.0168266191803456
"195",794,"Gini",0.0171832915013712
"196",795,"Gini",0.0170331331096198
"197",796,"Gini",0.0174962788070253
"198",797,"Gini",0.0175842440459281
"199",798,"Gini",0.0183636713084945
"200",799,"Gini",0.0189454569830149
"201",800,"Gini",0.0187940343743599
"202",600,"LoosemoreHanby",0.00759500604807224
"203",601,"LoosemoreHanby",0.00857115690775057
"204",602,"LoosemoreHanby",0.009544064741317
"205",603,"LoosemoreHanby",0.00889254348505075
"206",604,"LoosemoreHanby",0.00826928011097192
"207",605,"LoosemoreHanby",0.00764807711168342
"208",606,"LoosemoreHanby",0.00702892428731007
"209",607,"LoosemoreHanby",0.00641181150519167
"210",608,"LoosemoreHanby",0.00744146554143549
"211",609,"LoosemoreHanby",0.00682570199463745
"212",610,"LoosemoreHanby",0.00621195734471418
"213",611,"LoosemoreHanby",0.00560022167891504
"214",612,"LoosemoreHanby",0.0066244720773832
"215",613,"LoosemoreHanby",0.00764538071272423
"216",614,"LoosemoreHanby",0.00703429941765699
"217",615,"LoosemoreHanby",0.00642520537883387
"218",616,"LoosemoreHanby",0.00744146554143549
"219",617,"LoosemoreHanby",0.00683368596282934
"220",618,"LoosemoreHanby",0.00622787330842577
"221",619,"LoosemoreHanby",0.00562401804547427
"222",620,"LoosemoreHanby",0.00502211070272582
"223",621,"LoosemoreHanby",0.00488969203841041
"224",622,"LoosemoreHanby",0.00422951837390291
"225",623,"LoosemoreHanby",0.00517660048359928
"226",624,"LoosemoreHanby",0.00612064707371328
"227",625,"LoosemoreHanby",0.00546167271473892
"228",626,"LoosemoreHanby",0.00480480370515424
"229",627,"LoosemoreHanby",0.00415002997151724
"230",628,"LoosemoreHanby",0.00508969819244594
"231",629,"LoosemoreHanby",0.00446054344286634
"232",630,"LoosemoreHanby",0.00387003697000692
"233",631,"LoosemoreHanby",0.00328140214999334
"234",632,"LoosemoreHanby",0.00269463009839752
"235",633,"LoosemoreHanby",0.00210971198693312
"236",634,"LoosemoreHanby",0.00310392610925882
"237",635,"LoosemoreHanby",0.0025202056989158
"238",636,"LoosemoreHanby",0.00193832088734745
"239",637,"LoosemoreHanby",0.00135826302966156
"240",638,"LoosemoreHanby",0.000780023535165902
"241",639,"LoosemoreHanby",0.00176853909386115
"242",640,"LoosemoreHanby",0.0011914655414355
"243",641,"LoosemoreHanby",0.00061619253051505
"244",642,"LoosemoreHanby",0.0016003440461084
"245",643,"LoosemoreHanby",0.00102622448389271
"246",644,"LoosemoreHanby",0.00200668293273984
"247",645,"LoosemoreHanby",0.00298410120035023
"248",646,"LoosemoreHanby",0.00395849340521258
"249",647,"LoosemoreHanby",0.00384436205013305
"250",648,"LoosemoreHanby",0.00321228999868954
"251",649,"LoosemoreHanby",0.00258216578099468
"252",650,"LoosemoreHanby",0.00195398040704661
"253",651,"LoosemoreHanby",0.00132772494208147
"254",652,"LoosemoreHanby",0.0022371328374383
"255",653,"LoosemoreHanby",0.00161236184184459
"256",654,"LoosemoreHanby",0.000989501460916295
"257",655,"LoosemoreHanby",0.000380396839145411
"258",656,"LoosemoreHanby",0.00134390456582574
"259",657,"LoosemoreHanby",0.00230447924006563
"260",658,"LoosemoreHanby",0.00174237739553884
"261",659,"LoosemoreHanby",0.00118198147466766
"262",660,"LoosemoreHanby",0.000623283723253654
"263",661,"LoosemoreHanby",0.0015791357381072
"264",662,"LoosemoreHanby",0.00102152596439621
"265",663,"LoosemoreHanby",0.000465598271450582
"266",664,"LoosemoreHanby",-0.0000886549404922193
"267",665,"LoosemoreHanby",-0.000641241225481801
"268",666,"LoosemoreHanby",-0.00033292187985566
"269",667,"LoosemoreHanby",0.000558524288951812
"270",668,"LoosemoreHanby",-0.0000497045307700505
"271",669,"LoosemoreHanby",-0.000656115028160931
"272",670,"LoosemoreHanby",-0.00126071534496257
"273",671,"LoosemoreHanby",-0.0018635135743818
"274",672,"LoosemoreHanby",-0.000976422523356321
"275",673,"LoosemoreHanby",-0.00157785180234875
"276",674,"LoosemoreHanby",-0.00217749642472695
"277",675,"LoosemoreHanby",-0.00129388284081663
"278",676,"LoosemoreHanby",-0.00189217343910723
"279",677,"LoosemoreHanby",-0.00248869656147969
"280",678,"LoosemoreHanby",-0.00308346002862392
"281",679,"LoosemoreHanby",-0.00367647161515798
"282",680,"LoosemoreHanby",-0.00279715081467284
"283",681,"LoosemoreHanby",-0.00338819671994484
"284",682,"LoosemoreHanby",-0.00245589516237683
"285",683,"LoosemoreHanby",-0.00152632362401108
"286",684,"LoosemoreHanby",-0.00206145843517269
"287",685,"LoosemoreHanby",-0.00259503080892948
"288",686,"LoosemoreHanby",-0.00166932163057618
"289",687,"LoosemoreHanby",-0.00220191146002012
"290",688,"LoosemoreHanby",-0.00166855984340061
"291",689,"LoosemoreHanby",-0.00225501814157458
"292",690,"LoosemoreHanby",-0.00139050119830457
"293",691,"LoosemoreHanby",-0.00197566447773577
"294",692,"LoosemoreHanby",-0.00255913653381599
"295",693,"LoosemoreHanby",-0.00314092468785847
"296",694,"LoosemoreHanby",-0.00228011402877693
"297",695,"LoosemoreHanby",-0.00142178052267115
"298",696,"LoosemoreHanby",-0.00200269510135304
"299",697,"LoosemoreHanby",-0.00258194278023956
"300",698,"LoosemoreHanby",-0.0017268659672095
"301",699,"LoosemoreHanby",-0.0023048508904113
"302",700,"LoosemoreHanby",-0.00288118442811822
"303",701,"LoosemoreHanby",-0.0034558736476006
"304",702,"LoosemoreHanby",-0.00402892557585938
"305",703,"LoosemoreHanby",-0.00317787209322695
"306",704,"LoosemoreHanby",-0.00374969092162472
"307",705,"LoosemoreHanby",-0.00290144785263696
"308",706,"LoosemoreHanby",-0.00205560773851889
"309",707,"LoosemoreHanby",-0.00262658753985796
"310",708,"LoosemoreHanby",-0.00315175479754756
"311",709,"LoosemoreHanby",-0.00366572768846578
"312",710,"LoosemoreHanby",-0.00292142587681037
"313",711,"LoosemoreHanby",-0.00208150590692072
"314",712,"LoosemoreHanby",-0.00264843964481165
"315",713,"LoosemoreHanby",-0.00321378310573793
"316",714,"LoosemoreHanby",-0.00377754297153558
"317",715,"LoosemoreHanby",-0.00401737780109826
"318",716,"LoosemoreHanby",-0.00464049769796117
"319",717,"LoosemoreHanby",-0.00526187946400997
"320",718,"LoosemoreHanby",-0.00448877270146253
"321",719,"LoosemoreHanby",-0.00510863702865791
"322",720,"LoosemoreHanby",-0.00433789062161111
"323",721,"LoosemoreHanby",-0.00351918720204333
"324",722,"LoosemoreHanby",-0.00269123587251871
"325",723,"LoosemoreHanby",-0.00324870072924449
"326",724,"LoosemoreHanby",-0.00380462562780252
"327",725,"LoosemoreHanby",-0.0043590169404335
"328",726,"LoosemoreHanby",-0.00491188100426934
"329",727,"LoosemoreHanby",-0.0054632241215747
"330",728,"LoosemoreHanby",-0.00601305255998635
"331",729,"LoosemoreHanby",-0.00518963044026795
"332",730,"LoosemoreHanby",-0.00436846427156244
"333",731,"LoosemoreHanby",-0.00491753385160855
"334",732,"LoosemoreHanby",-0.00481603269811383
"335",733,"LoosemoreHanby",-0.00542361140378479
"336",734,"LoosemoreHanby",-0.00602953458164741
"337",735,"LoosemoreHanby",-0.00663380898895805
"338",736,"LoosemoreHanby",-0.00587774569407486
"339",737,"LoosemoreHanby",-0.00648058623445595
"340",738,"LoosemoreHanby",-0.00572677951049999
"341",739,"LoosemoreHanby",-0.00497501285886864
"342",740,"LoosemoreHanby",-0.00557662936034983
"343",741,"LoosemoreHanby",-0.00482709440028856
"344",742,"LoosemoreHanby",-0.00542728864497138
"345",743,"LoosemoreHanby",-0.00600750628929878
"346",744,"LoosemoreHanby",-0.00520069287665893
"347",745,"LoosemoreHanby",-0.00439604540606647
"348",746,"LoosemoreHanby",-0.00379052690400608
"349",747,"LoosemoreHanby",-0.0030494033391479
"350",748,"LoosemoreHanby",-0.00364715978382145
"351",749,"LoosemoreHanby",-0.00290820659846913
"352",750,"LoosemoreHanby",-0.00350455728827775
"353",751,"LoosemoreHanby",-0.00276776190434522
"354",752,"LoosemoreHanby",-0.00336271331664655
"355",753,"LoosemoreHanby",-0.00262806326437337
"356",754,"LoosemoreHanby",-0.0018953618859789
"357",755,"LoosemoreHanby",-0.00248910474964642
"358",756,"LoosemoreHanby",-0.00308127686499733
"359",757,"LoosemoreHanby",-0.00367188445692591
"360",758,"LoosemoreHanby",-0.0029416725037571
"361",759,"LoosemoreHanby",-0.00353090774941082
"362",760,"LoosemoreHanby",-0.00280280290231284
"363",761,"LoosemoreHanby",-0.00207661160277621
"364",762,"LoosemoreHanby",-0.0026646622751544
"365",763,"LoosemoreHanby",-0.00325117153030484
"366",764,"LoosemoreHanby",-0.0025272448973528
"367",765,"LoosemoreHanby",-0.001805210883049
"368",766,"LoosemoreHanby",-0.00108506207504884
"369",767,"LoosemoreHanby",-0.00167057206446203
"370",768,"LoosemoreHanby",-0.000952473954944424
"371",769,"LoosemoreHanby",-0.00153663357783129
"372",770,"LoosemoreHanby",-0.00211927590299638
"373",771,"LoosemoreHanby",-0.00140338997310266
"374",772,"LoosemoreHanby",-0.0019846954575351
"375",773,"LoosemoreHanby",-0.00127083585662618
"376",774,"LoosemoreHanby",-0.000558820854169237
"377",775,"LoosemoreHanby",-0.00113896589042829
"378",776,"LoosemoreHanby",-0.000428955913707327
"379",777,"LoosemoreHanby",0.000279226495506019
"380",778,"LoosemoreHanby",0.000985588384387198
"381",779,"LoosemoreHanby",0.00169013676392592
"382",780,"LoosemoreHanby",0.00239287860915813
"383",781,"LoosemoreHanby",0.00309382085939618
"384",782,"LoosemoreHanby",0.00251419803994048
"385",783,"LoosemoreHanby",0.00193605573854218
"386",784,"LoosemoreHanby",0.00263489849403517
"387",785,"LoosemoreHanby",0.00333196075843137
"388",786,"LoosemoreHanby",0.00402724932749833
"389",787,"LoosemoreHanby",0.00345012293196789
"390",788,"LoosemoreHanby",0.00287446132424339
"391",789,"LoosemoreHanby",0.00356768605772985
"392",790,"LoosemoreHanby",0.00299333300708089
"393",791,"LoosemoreHanby",0.00368465467969528
"394",792,"LoosemoreHanby",0.00437423059051012
"395",793,"LoosemoreHanby",0.00380103329600136
"396",794,"LoosemoreHanby",0.00448872566722183
"397",795,"LoosemoreHanby",0.00391682635952098
"398",796,"LoosemoreHanby",0.00460264539178926
"399",797,"LoosemoreHanby",0.00403203827843074
"400",798,"LoosemoreHanby",0.00471599409016836
"401",799,"LoosemoreHanby",0.00539823787233969
"402",800,"LoosemoreHanby",0.00482877604505558
"403",600,"Rae",0.00562593040597945
"404",601,"Rae",0.00634900511685228
"405",602,"Rae",0.00706967758616074
"406",603,"Rae",0.00658706924818575
"407",604,"Rae",0.00612539267479403
"408",605,"Rae",0.00566524230495069
"409",606,"Rae",0.00520661058319266
"410",607,"Rae",0.00474949000384568
"411",608,"Rae",0.00551219669735963
"412",609,"Rae",0.0050560755515833
"413",610,"Rae",0.00460144988497348
"414",611,"Rae",0.0041483123547519
"415",612,"Rae",0.00490701635361721
"416",613,"Rae",0.00566324497238832
"417",614,"Rae",0.00521059216122741
"418",615,"Rae",0.00475941139172879
"419",616,"Rae",0.00551219669735963
"420",617,"Rae",0.00506198960209582
"421",618,"Rae",0.0046132394877228
"422",619,"Rae",0.00416593929294393
"423",620,"Rae",0.00372008200201913
"424",621,"Rae",0.00362199410252625
"425",622,"Rae",0.00313297657326142
"426",623,"Rae",0.00383451887674022
"427",624,"Rae",0.00453381264719503
"428",625,"Rae",0.00404568349239921
"429",626,"Rae",0.0035591138556698
"430",627,"Rae",0.00307409627519797
"431",628,"Rae",0.00377014680921922
"432",629,"Rae",0.00330410625397506
"433",630,"Rae",0.00286669405185698
"434",631,"Rae",0.00243066825925434
"435",632,"Rae",0.00199602229510928
"436",633,"Rae",0.00156274961995047
"437",634,"Rae",0.00229920452537692
"438",635,"Rae",0.00186681903623392
"439",636,"Rae",0.00143579324988702
"440",637,"Rae",0.00100612076271228
"441",638,"Rae",0.000577795211234008
"442",639,"Rae",0.00131002895841568
"443",640,"Rae",0.000882567067730003
"444",641,"Rae",0.000456438911492635
"445",642,"Rae",0.00118544003415437
"446",643,"Rae",0.000760166284364983
"447",644,"Rae",0.00148643180202952
"448",645,"Rae",0.00221044533359276
"449",646,"Rae",0.00293221733719452
"450",647,"Rae",0.00284767559269117
"451",648,"Rae",0.00237947407310338
"452",649,"Rae",0.00191271539332941
"453",650,"Rae",0.0014473928941086
"454",651,"Rae",0.000983499957097386
"455",652,"Rae",0.0016571354351395
"456",653,"Rae",0.00119434210507006
"457",654,"Rae",0.000732964045123186
"458",655,"Rae",0.000281775436404008
"459",656,"Rae",0.000995484863574633
"460",657,"Rae",0.00170702165930789
"461",658,"Rae",0.00129064992262137
"462",659,"Rae",0.000875541833087162
"463",660,"Rae",0.00046169164685457
"464",661,"Rae",0.0011697301763757
"465",662,"Rae",0.000756685899552759
"466",663,"Rae",0.00034488760848192
"467",664,"Rae",-0.0000656703262905262
"468",665,"Rae",-0.000474993500356888
"469",666,"Rae",-0.000246608799893078
"470",667,"Rae",0.00041372169551987
"471",668,"Rae",-0.0000368181709407833
"472",669,"Rae",-0.00048601113197104
"473",670,"Rae",-0.000933863218490788
"474",671,"Rae",-0.00138038042546798
"475",672,"Rae",-0.000723275943226895
"476",673,"Rae",-0.00116877911285092
"477",674,"Rae",-0.00161296031461255
"478",675,"Rae",-0.000958431733938253
"479",676,"Rae",-0.00140160995489423
"480",677,"Rae",-0.0018434789344294
"481",678,"Rae",-0.00228404446564734
"482",679,"Rae",-0.00272331230752441
"483",680,"Rae",-0.00207196356642432
"484",681,"Rae",-0.00250977534810727
"485",682,"Rae",-0.0018191816017606
"486",683,"Rae",-0.00113061009186005
"487",684,"Rae",-0.00152700624827606
"488",685,"Rae",-0.00192224504365146
"489",686,"Rae",-0.00123653454116754
"490",687,"Rae",-0.00163104552594082
"491",688,"Rae",-0.00123597025437082
"492",689,"Rae",-0.00167038380857376
"493",690,"Rae",-0.001030000887633
"494",691,"Rae",-0.00146345516869315
"495",692,"Rae",-0.00189565669171556
"496",693,"Rae",-0.00232661087989515
"497",694,"Rae",-0.00168897335464957
"498",695,"Rae",-0.00105317075753417
"499",696,"Rae",-0.00148347785285409
"500",697,"Rae",-0.00191255020758484
"501",698,"Rae",-0.00127915997571074
"502",699,"Rae",-0.00170729695586022
"503",700,"Rae",-0.00213421068749498
"504",701,"Rae",-0.00255990640563006
"505",702,"Rae",-0.00298438931545139
"506",703,"Rae",-0.00235397932831626
"507",704,"Rae",-0.00277754883083312
"508",705,"Rae",-0.00214922063158293
"509",706,"Rae",-0.00152267239890287
"510",707,"Rae",-0.00194562039989479
"511",708,"Rae",-0.00233463318336856
"512",709,"Rae",-0.00271535384330797
"513",710,"Rae",-0.00216401916800767
"514",711,"Rae",-0.00154185622734868
"515",712,"Rae",-0.00196180714430493
"516",713,"Rae",-0.00238058007832438
"517",714,"Rae",-0.00279817997891524
"518",715,"Rae",-0.00297583540822091
"519",716,"Rae",-0.00343740570219345
"520",717,"Rae",-0.00389768849185923
"521",718,"Rae",-0.00332501681589815
"522",719,"Rae",-0.00378417557678364
"523",720,"Rae",-0.00321325231230452
"524",721,"Rae",-0.0026068053348469
"525",722,"Rae",-0.00199350805371756
"526",723,"Rae",-0.00240644498462553
"527",724,"Rae",-0.00281824120577964
"528",725,"Rae",-0.00322890143735813
"529",726,"Rae",-0.00363843037353284
"530",727,"Rae",-0.00404683268264791
"531",728,"Rae",-0.00445411300739729
"532",729,"Rae",-0.00384417069649476
"533",730,"Rae",-0.00323589946041662
"534",731,"Rae",-0.00364261766785817
"535",732,"Rae",-0.00356743162823245
"536",733,"Rae",-0.00401748992872947
"537",734,"Rae",-0.00446632191233141
"538",735,"Rae",-0.00491393258441336
"539",736,"Rae",-0.00435388569931471
"540",737,"Rae",-0.00480043424774514
"541",738,"Rae",-0.00424205889666665
"542",739,"Rae",-0.00368519471027307
"543",740,"Rae",-0.00413083656322209
"544",741,"Rae",-0.00357562548169521
"545",742,"Rae",-0.0040202138110899
"546",743,"Rae",-0.00445000465873983
"547",744,"Rae",-0.00385236509382142
"548",745,"Rae",-0.0032563299304196
"549",746,"Rae",-0.00280779770667117
"550",747,"Rae",-0.00225881728825769
"551",748,"Rae",-0.00270159983986774
"552",749,"Rae",-0.00215422710997713
"553",750,"Rae",-0.00259596836168721
"554",751,"Rae",-0.00205019400321868
"555",752,"Rae",-0.0024908987530715
"556",753,"Rae",-0.00194671352916545
"557",754,"Rae",-0.00140397176739177
"558",755,"Rae",-0.00184378129603438
"559",756,"Rae",-0.00228242730740542
"560",757,"Rae",-0.0027199144125377
"561",758,"Rae",-0.00217901666944968
"562",759,"Rae",-0.00261548722178578
"563",760,"Rae",-0.0020761502980095
"564",761,"Rae",-0.00153823081687127
"565",762,"Rae",-0.00197382390752178
"566",763,"Rae",-0.00240827520763322
"567",764,"Rae",-0.00187203325729837
"568",765,"Rae",-0.00133719324670296
"569",766,"Rae",-0.000803749685221358
"570",767,"Rae",-0.00123746078849038
"571",768,"Rae",-0.000705536262921774
"572",769,"Rae",-0.00113824709468983
"573",770,"Rae",-0.00156983400221954
"574",771,"Rae",-0.00103954812822418
"575",772,"Rae",-0.00147014478335931
"576",773,"Rae",-0.000941359893797164
"577",774,"Rae",-0.000413941373458682
"578",775,"Rae",-0.000843678437354278
"579",776,"Rae",-0.000317745121264673
"580",777,"Rae",0.000206834441115578
"581",778,"Rae",0.000730065469916455
"582",779,"Rae",0.00125195315846366
"583",780,"Rae",0.00177250267345049
"584",781,"Rae",0.0022917191551083
"585",782,"Rae",0.00186236891847444
"586",783,"Rae",0.00143411536188311
"587",784,"Rae",0.00195177666224829
"588",785,"Rae",0.00246811908031953
"589",786,"Rae",0.00298314764999877
"590",787,"Rae",0.00255564661627251
"591",788,"Rae",0.00212923061055066
"592",789,"Rae",0.00264273041313322
"593",790,"Rae",0.00221728370894883
"594",791,"Rae",0.00272937383681134
"595",792,"Rae",0.00324017080778528
"596",793,"Rae",0.00281558021926027
"597",794,"Rae",0.00332498197571987
"598",795,"Rae",0.00290135285890444
"599",796,"Rae",0.00340936695688095
"600",797,"Rae",0.00298669502105982
"601",798,"Rae",0.00349332895568027
"602",799,"Rae",0.00399869472025163
"603",800,"Rae",0.00357687114448561
"604",600,"Cox",0.0034762813685017
"605",601,"Cox",0.00511418279081027
"606",602,"Cox",0.00669088951076319
"607",603,"Cox",0.00503336831902385
"608",604,"Cox",0.0037273156370024
"609",605,"Cox",0.00118726123206375
"610",606,"Cox",0.0011972631949318
"611",607,"Cox",0.000720849427982284
"612",608,"Cox",0.00240919951277591
"613",609,"Cox",-0.000112007053502727
"614",610,"Cox",-0.00173935522080521
"615",611,"Cox",-0.0030193602885647
"616",612,"Cox",-0.00100496346826423
"617",613,"Cox",0.000567059206944498
"618",614,"Cox",-0.00193061613272633
"619",615,"Cox",-0.00354177673919026
"620",616,"Cox",-0.00169908577073313
"621",617,"Cox",-0.00168458409082911
"622",618,"Cox",-0.00295017934573377
"623",619,"Cox",-0.00341065707432447
"624",620,"Cox",-0.00587774569089955
"625",621,"Cox",-0.00467872436439526
"626",622,"Cox",-0.00363937300918887
"627",623,"Cox",-0.00212952827607921
"628",624,"Cox",-0.000571546131650391
"629",625,"Cox",-0.00215910268041269
"630",626,"Cox",-0.0046045443683847
"631",627,"Cox",-0.00584731615028805
"632",628,"Cox",-0.00397796478229312
"633",629,"Cox",-0.00442948772118218
"634",630,"Cox",-0.0044109513109421
"635",631,"Cox",-0.00597732759905162
"636",632,"Cox",-0.00839351157334239
"637",633,"Cox",-0.00961851779774775
"638",634,"Cox",-0.00780646777003985
"639",635,"Cox",-0.00935762985088701
"640",636,"Cox",-0.0117533027589059
"641",637,"Cox",-0.0121869488979711
"642",638,"Cox",-0.0133964089335885
"643",639,"Cox",-0.0115892954736387
"644",640,"Cox",-0.0115598614951954
"645",641,"Cox",-0.0130906485897553
"646",642,"Cox",-0.0115838226134435
"647",643,"Cox",-0.0105676769817368
"648",644,"Cox",-0.00901844228843102
"649",645,"Cox",-0.00732827100089978
"650",646,"Cox",-0.00578773956564144
"651",647,"Cox",-0.00463704058939124
"652",648,"Cox",-0.00507430733746844
"653",649,"Cox",-0.0062742274365199
"654",650,"Cox",-0.00779195076216838
"655",651,"Cox",-0.00776884722685006
"656",652,"Cox",-0.0062804825279828
"657",653,"Cox",-0.00747120529841755
"658",654,"Cox",-0.00897781567121519
"659",655,"Cox",-0.00940378220201238
"660",656,"Cox",-0.00782353603862135
"661",657,"Cox",-0.00638545775588645
"662",658,"Cox",-0.00756697294413261
"663",659,"Cox",-0.00906200695955589
"664",660,"Cox",-0.0090372941448747
"665",661,"Cox",-0.00755607081054438
"666",662,"Cox",-0.00797968081437045
"667",663,"Cox",-0.00699962425420703
"668",664,"Cox",-0.00848425492416743
"669",665,"Cox",-0.00965017702446486
"670",666,"Cox",-0.00852650634114244
"671",667,"Cox",-0.00656335288255266
"672",668,"Cox",-0.00698464411078742
"673",669,"Cox",-0.00845820127819746
"674",670,"Cox",-0.00843475851400605
"675",671,"Cox",-0.00959032884650662
"676",672,"Cox",-0.00781354116505034
"677",673,"Cox",-0.00927710854683789
"678",674,"Cox",-0.0104262856137147
"679",675,"Cox",-0.00899707388954279
"680",676,"Cox",-0.00940977924376457
"681",677,"Cox",-0.00938517329107064
"682",678,"Cox",-0.00842472640041408
"683",679,"Cox",-0.00987446080793636
"684",680,"Cox",-0.0084082638574729
"685",681,"Cox",-0.00954690436814026
"686",682,"Cox",-0.00808443817965915
"687",683,"Cox",-0.00641585794831218
"688",684,"Cox",-0.00682751004684284
"689",685,"Cox",-0.0082668777535016
"690",686,"Cox",-0.0068515544092041
"691",687,"Cox",-0.00798251641388031
"692",688,"Cox",-0.00689720098585406
"693",689,"Cox",-0.00687667028670186
"694",690,"Cox",-0.0055087419301732
"695",691,"Cox",-0.00693752000134223
"696",692,"Cox",-0.00734365926917763
"697",693,"Cox",-0.00846411928700258
"698",694,"Cox",-0.00705415466288944
"699",695,"Cox",-0.00548840474514539
"700",696,"Cox",-0.00690694782612672
"701",697,"Cox",-0.00688663878946066
"702",698,"Cox",-0.00540508529408529
"703",699,"Cox",-0.00447918700528976
"704",700,"Cox",-0.00559253452617042
"705",701,"Cox",-0.00599537811934775
"706",702,"Cox",-0.00740107471619783
"707",703,"Cox",-0.00577003307397123
"708",704,"Cox",-0.00687522116849942
"709",705,"Cox",-0.00520858207045821
"710",706,"Cox",-0.00358456270212287
"711",707,"Cox",-0.00498372794456398
"712",708,"Cox",-0.00496645085604058
"713",709,"Cox",-0.00536563201610746
"714",710,"Cox",-0.00431763183288997
"715",711,"Cox",-0.00296937689613169
"716",712,"Cox",-0.00406608065276887
"717",713,"Cox",-0.00545279637290247
"718",714,"Cox",-0.00584850099050821
"719",715,"Cox",-0.00494270194216623
"720",716,"Cox",-0.00492567519262405
"721",717,"Cox",-0.00601200263534257
"722",718,"Cox",-0.00462878332038091
"723",719,"Cox",-0.00600314438545418
"724",720,"Cox",-0.00462278580134118
"725",721,"Cox",-0.00328122169283068
"726",722,"Cox",-0.00197890158561337
"727",723,"Cox",-0.00334932411330685
"728",724,"Cox",-0.00374246854594523
"729",725,"Cox",-0.00481844093639466
"730",726,"Cox",-0.00480181987349321
"731",727,"Cox",-0.00616081928096862
"732",728,"Cox",-0.00722903580890938
"733",729,"Cox",-0.00588845917563591
"734",730,"Cox",-0.00486845512461681
"735",731,"Cox",-0.0052557566816876
"736",732,"Cox",-0.00437180371002682
"737",733,"Cox",-0.00543517430745083
"738",734,"Cox",-0.00541789416434807
"739",735,"Cox",-0.0058023404217345
"740",736,"Cox",-0.00439875340895696
"741",737,"Cox",-0.00545631609309921
"742",738,"Cox",-0.00378253857300664
"743",739,"Cox",-0.00248609179793841
"744",740,"Cox",-0.00247293701073853
"745",741,"Cox",-0.00101056862318122
"746",742,"Cox",-0.00139732782091745
"747",743,"Cox",-0.00245038989871132
"748",744,"Cox",-0.000926187950150814
"749",745,"Cox",0.0000666183398067566
"750",746,"Cox",0.000926847830737432
"751",747,"Cox",0.00217994963513829
"752",748,"Cox",0.00112914428586403
"753",749,"Cox",0.00244557996172695
"754",750,"Cox",0.00205833799732008
"755",751,"Cox",0.00333741469297572
"756",752,"Cox",0.00334261553876963
"757",753,"Cox",0.00465006895263059
"758",754,"Cox",0.00621473861329297
"759",755,"Cox",0.00516833173880921
"760",756,"Cox",0.00478056159981172
"761",757,"Cox",0.00478382169113295
"762",758,"Cox",0.00605726167550796
"763",759,"Cox",0.00501657694125596
"764",760,"Cox",0.00666592619735357
"765",761,"Cox",0.00815417228614707
"766",762,"Cox",0.00776553702941524
"767",763,"Cox",0.00672806915438079
"768",764,"Cox",0.00755931228189349
"769",765,"Cox",0.0085150706946861
"770",766,"Cox",0.00999396628382404
"771",767,"Cox",0.00999038673290636
"772",768,"Cox",0.0112199456410697
"773",769,"Cox",0.0101860803650451
"774",770,"Cox",0.0097988440355537
"775",771,"Cox",0.0111184793882734
"776",772,"Cox",0.0111134663977836
"777",773,"Cox",0.0126102217361441
"778",774,"Cox",0.0138045158885755
"779",775,"Cox",0.0134151089089214
"780",776,"Cox",0.0146383432227431
"781",777,"Cox",0.0154454982746754
"782",778,"Cox",0.0170768015228402
"783",779,"Cox",0.0183220681004836
"784",780,"Cox",0.0199163230814387
"785",781,"Cox",0.0211556812288069
"786",782,"Cox",0.0211378970465834
"787",783,"Cox",0.020743102933697
"788",784,"Cox",0.0216588827744299
"789",785,"Cox",0.0230085428449965
"790",786,"Cox",0.0242134318869844
"791",787,"Cox",0.0238167364292582
"792",788,"Cox",0.0237957106859851
"793",789,"Cox",0.0245789833195568
"794",790,"Cox",0.0241833315769456
"795",791,"Cox",0.0253591954159156
"796",792,"Cox",0.0267559083760348
"797",793,"Cox",0.0267313088077549
"798",794,"Cox",0.0276280130763449
"799",795,"Cox",0.0272310144519175
"800",796,"Cox",0.028373932644463
"801",797,"Cox",0.0283474263936292
"802",798,"Cox",0.0295991685923624
"803",799,"Cox",0.0307669355108132
"804",800,"Cox",0.0303684944747454
"805",600,"Farina",-0.0135936069871787
"806",601,"Farina",-0.0125066813932501
"807",602,"Farina",-0.0114628018797979
"808",603,"Farina",-0.0125273303477064
"809",604,"Farina",-0.0133834703709843
"810",605,"Farina",-0.0151224815447371
"811",606,"Farina",-0.0151248308224016
"812",607,"Farina",-0.0153981011090355
"813",608,"Farina",-0.0142795108190602
"814",609,"Farina",-0.0159270362924465
"815",610,"Farina",-0.0170455299221976
"816",611,"Farina",-0.0179274956215083
"817",612,"Farina",-0.0165979704561999
"818",613,"Farina",-0.0155664232203289
"819",614,"Farina",-0.0171712640285811
"820",615,"Farina",-0.0182080099352931
"821",616,"Farina",-0.0169945034415648
"822",617,"Farina",-0.0169668074668397
"823",618,"Farina",-0.0177826518532039
"824",619,"Farina",-0.0181033950762542
"825",620,"Farina",-0.0197453516251931
"826",621,"Farina",-0.0189663172729085
"827",622,"Farina",-0.018289004551143
"828",623,"Farina",-0.0173098150277818
"829",624,"Farina",-0.0163045636728585
"830",625,"Farina",-0.0173613661841884
"831",626,"Farina",-0.0189362519164988
"832",627,"Farina",-0.0197830573447268
"833",628,"Farina",-0.0185708897341798
"834",629,"Farina",-0.0188660961065815
"835",630,"Farina",-0.0188463019411607
"836",631,"Farina",-0.019885834791649
"837",632,"Farina",-0.0214966070046638
"838",633,"Farina",-0.0223060563731922
"839",634,"Farina",-0.0211219653383403
"840",635,"Farina",-0.0220808282029415
"841",636,"Farina",-0.0236499174000972
"842",637,"Farina",-0.0239403490531988
"843",638,"Farina",-0.0246867888592147
"844",639,"Farina",-0.0235035739105403
"845",640,"Farina",-0.0234669148034162
"846",641,"Farina",-0.0244102495506877
"847",642,"Farina",-0.0234245667028457
"848",643,"Farina",-0.0227514021140207
"849",644,"Farina",-0.0217424235450757
"850",645,"Farina",-0.0206518669130156
"851",646,"Farina",-0.019658276265681
"852",647,"Farina",-0.0189071468064018
"853",648,"Farina",-0.0191236876311312
"854",649,"Farina",-0.0198238451600908
"855",650,"Farina",-0.0207029842726472
"856",651,"Farina",-0.0206008504133732
"857",652,"Farina",-0.0196348667093285
"858",653,"Farina",-0.0202183883140625
"859",654,"Farina",-0.0209910960630254
"860",655,"Farina",-0.0211562195705383
"861",656,"Farina",-0.0201377799817515
"862",657,"Farina",-0.0192003001678941
"863",658,"Farina",-0.0196825918210824
"864",659,"Farina",-0.0203641322451421
"865",660,"Farina",-0.020200455751912
"866",661,"Farina",-0.0192484493559963
"867",662,"Farina",-0.0193176567171914
"868",663,"Farina",-0.0186408827692893
"869",664,"Farina",-0.0192260806137511
"870",665,"Farina",-0.0196853580144004
"871",666,"Farina",-0.0189116914007233
"872",667,"Farina",-0.017721028441465
"873",668,"Farina",-0.0176839104396016
"874",669,"Farina",-0.018184139941801
"875",670,"Farina",-0.0179727566652258
"876",671,"Farina",-0.0183616036264118
"877",672,"Farina",-0.0172780259254842
"878",673,"Farina",-0.0176805829477297
"879",674,"Farina",-0.0179384714003806
"880",675,"Farina",-0.0170217933585593
"881",676,"Farina",-0.0169532362077805
"882",677,"Farina",-0.0166579796367202
"883",678,"Farina",-0.0159464690232551
"884",679,"Farina",-0.0163066731444717
"885",680,"Farina",-0.0153840600797021
"886",681,"Farina",-0.0155969172864809
"887",682,"Farina",-0.0146863165715764
"888",683,"Farina",-0.0136855472876868
"889",684,"Farina",-0.0135518193202921
"890",685,"Farina",-0.0138464718573937
"891",686,"Farina",-0.0129640419583848
"892",687,"Farina",-0.0131042295059257
"893",688,"Farina",-0.0123615777952304
"894",689,"Farina",-0.0120573346980571
"895",690,"Farina",-0.0112073434004627
"896",691,"Farina",-0.0114438873132009
"897",692,"Farina",-0.0112743603906865
"898",693,"Farina",-0.0113676090480424
"899",694,"Farina",-0.0105000295413014
"900",695,"Farina",-0.00957979039641976
"901",696,"Farina",-0.00975141843840602
"902",697,"Farina",-0.00939015022264883
"903",698,"Farina",-0.00851269231708293
"904",699,"Farina",-0.00783994490471715
"905",700,"Farina",-0.00788008783312821
"906",701,"Farina",-0.00768501517746839
"907",702,"Farina",-0.00782641050750238
"908",703,"Farina",-0.00691478712334506
"909",704,"Farina",-0.00687706416932274
"910",705,"Farina",-0.00595454293600328
"911",706,"Farina",-0.0050489694602924
"912",707,"Farina",-0.00510712947159259
"913",708,"Farina",-0.00473403870917866
"914",709,"Farina",-0.00450406515407106
"915",710,"Farina",-0.00380089763889574
"916",711,"Farina",-0.00300568537860685
"917",712,"Farina",-0.00294697152235032
"918",713,"Farina",-0.00298112088462302
"919",714,"Farina",-0.00267328659859892
"920",715,"Farina",-0.00200109201603077
"921",716,"Farina",-0.00158318398847601
"922",717,"Farina",-0.00148420931809753
"923",718,"Farina",-0.000694628863973146
"924",719,"Farina",-0.000708325141004135
"925",720,"Farina",0.0000705580474482104
"926",721,"Farina",0.000840404049682247
"927",722,"Farina",0.001598129421057
"928",723,"Farina",0.00168242329676513
"929",724,"Farina",0.00198975873856425
"930",725,"Farina",0.0020896886589799
"931",726,"Farina",0.00251630492733851
"932",727,"Farina",0.00263911888334359
"933",728,"Farina",0.00281215126082213
"934",729,"Farina",0.00356356396872681
"935",730,"Farina",0.00423423357397809
"936",731,"Farina",0.00456675061832224
"937",732,"Farina",0.00522302847275366
"938",733,"Farina",0.00546077894549038
"939",734,"Farina",0.00591786995257154
"940",735,"Farina",0.00633017481337281
"941",736,"Farina",0.0070852537744085
"942",737,"Farina",0.00738844330789956
"943",738,"Farina",0.00818850479127037
"944",739,"Farina",0.00892095266350301
"945",740,"Farina",0.00945324423793056
"946",741,"Farina",0.0102121691131917
"947",742,"Farina",0.010679924447155
"948",743,"Farina",0.011028050500266
"949",744,"Farina",0.0117814857475368
"950",745,"Farina",0.0124718006119267
"951",746,"Farina",0.013147844994312
"952",747,"Farina",0.0138663909886865
"953",748,"Farina",0.0142823862194735
"954",749,"Farina",0.0150000531103873
"955",750,"Farina",0.0154938968491537
"956",751,"Farina",0.0161943018403768
"957",752,"Farina",0.016720391980215
"958",753,"Farina",0.0174171423910901
"959",754,"Farina",0.0181486567431811
"960",755,"Farina",0.0185906988562176
"961",756,"Farina",0.0191367717029483
"962",757,"Farina",0.0197323577358546
"963",758,"Farina",0.0204284855932264
"964",759,"Farina",0.0209184509949008
"965",760,"Farina",0.0216362323313248
"966",761,"Farina",0.0223405419118777
"967",762,"Farina",0.0229358790477477
"968",763,"Farina",0.0234872185507422
"969",764,"Farina",0.0241386268984849
"970",765,"Farina",0.024802168114088
"971",766,"Farina",0.0254909954696854
"972",767,"Farina",0.0260981697939618
"973",768,"Farina",0.0267741360953261
"974",769,"Farina",0.0273573557212632
"975",770,"Farina",0.0279565229412703
"976",771,"Farina",0.0286281391977364
"977",772,"Farina",0.0292925247633702
"978",773,"Farina",0.0299639038999287
"979",774,"Farina",0.030633279959924
"980",775,"Farina",0.0312955312249507
"981",776,"Farina",0.0319654224092692
"982",777,"Farina",0.0326411857071797
"983",778,"Farina",0.0332981532568053
"984",779,"Farina",0.0339628674736744
"985",780,"Farina",0.0346154676793143
"986",781,"Farina",0.0352766546492168
"987",782,"Farina",0.0359738742179845
"988",783,"Farina",0.0366710310354355
"989",784,"Farina",0.03732827416112
"990",785,"Farina",0.0379744461066537
"991",786,"Farina",0.0386341169512368
"992",787,"Farina",0.0394001581103825
"993",788,"Farina",0.0401392799725422
"994",789,"Farina",0.0408466828400081
"995",790,"Farina",0.0416744291164295
"996",791,"Farina",0.0423353180480822
"997",792,"Farina",0.0429703261842994
"998",793,"Farina",0.0437634377018259
"999",794,"Farina",0.0444628545616796
"1000",795,"Farina",0.0453339754286631
"1001",796,"Farina",0.045991965451858
"1002",797,"Farina",0.0468415749597486
"1003",798,"Farina",0.0474878093255894
"1004",799,"Farina",0.0481448924641115
"1005",800,"Farina",0.0490567070001285
"1006",600,"Gallagher",-0.00135120225627315
"1007",601,"Gallagher",-0.00105727119076465
"1008",602,"Gallagher",-0.00077486674922881
"1009",603,"Gallagher",-0.0010679058280843
"1010",604,"Gallagher",-0.0013010319395497
"1011",605,"Gallagher",-0.00176359863694125
"1012",606,"Gallagher",-0.00176285490966455
"1013",607,"Gallagher",-0.00184348092711715
"1014",608,"Gallagher",-0.00154023882364381
"1015",609,"Gallagher",-0.00199049190624235
"1016",610,"Gallagher",-0.00228793030089138
"1017",611,"Gallagher",-0.00252233882330401
"1018",612,"Gallagher",-0.00216038661137747
"1019",613,"Gallagher",-0.00187891457594693
"1020",614,"Gallagher",-0.00232223381733174
"1021",615,"Gallagher",-0.0026087124282974
"1022",616,"Gallagher",-0.00227782229479995
"1023",617,"Gallagher",-0.00227308658042429
"1024",618,"Gallagher",-0.00249823513232783
"1025",619,"Gallagher",-0.00258300665228296
"1026",620,"Gallagher",-0.00302855952594898
"1027",621,"Gallagher",-0.00281417279259016
"1028",622,"Gallagher",-0.00262821513440218
"1029",623,"Gallagher",-0.00235882900147803
"1030",624,"Gallagher",-0.00208170058186621
"1031",625,"Gallagher",-0.00236790863033474
"1032",626,"Gallagher",-0.00280304867718346
"1033",627,"Gallagher",-0.00302988810226692
"1034",628,"Gallagher",-0.00269598873516978
"1035",629,"Gallagher",-0.00277689122517244
"1036",630,"Gallagher",-0.00277266626363145
"1037",631,"Gallagher",-0.00305529953143361
"1038",632,"Gallagher",-0.00349262181077083
"1039",633,"Gallagher",-0.00371372374915545
"1040",634,"Gallagher",-0.00338828392986534
"1041",635,"Gallagher",-0.00366038707731813
"1042",636,"Gallagher",-0.00409151326465709
"1043",637,"Gallagher",-0.00417037241961131
"1044",638,"Gallagher",-0.00438289499189026
"1045",639,"Gallagher",-0.00405737932300645
"1046",640,"Gallagher",-0.00405002487103895
"1047",641,"Gallagher",-0.00431876174684934
"1048",642,"Gallagher",-0.0040474769752628
"1049",643,"Gallagher",-0.00386366408627845
"1050",644,"Gallagher",-0.00358567188157306
"1051",645,"Gallagher",-0.00328387244426706
"1052",646,"Gallagher",-0.0030090917859307
"1053",647,"Gallagher",-0.00280294406124214
"1054",648,"Gallagher",-0.00287314884787115
"1055",649,"Gallagher",-0.00307836416400673
"1056",650,"Gallagher",-0.00333735222044269
"1057",651,"Gallagher",-0.00332292141005115
"1058",652,"Gallagher",-0.00305670011595655
"1059",653,"Gallagher",-0.00324728713284588
"1060",654,"Gallagher",-0.0034926380614446
"1061",655,"Gallagher",-0.00355570905514166
"1062",656,"Gallagher",-0.00327370772242847
"1063",657,"Gallagher",-0.00301603292223895
"1064",658,"Gallagher",-0.0031935848622126
"1065",659,"Gallagher",-0.00342679005698734
"1066",660,"Gallagher",-0.00340480239641032
"1067",661,"Gallagher",-0.00314091302734745
"1068",662,"Gallagher",-0.00319219814609097
"1069",663,"Gallagher",-0.0030121129653588
"1070",664,"Gallagher",-0.00323250197371097
"1071",665,"Gallagher",-0.0034055811396696
"1072",666,"Gallagher",-0.00319923341146768
"1073",667,"Gallagher",-0.00285827192490672
"1074",668,"Gallagher",-0.00289645083806166
"1075",669,"Gallagher",-0.00310520847346008
"1076",670,"Gallagher",-0.00307747743639791
"1077",671,"Gallagher",-0.00324070460560361
"1078",672,"Gallagher",-0.00293142656583491
"1079",673,"Gallagher",-0.00312712970443792
"1080",674,"Gallagher",-0.00327369040684816
"1081",675,"Gallagher",-0.00301947043396698
"1082",676,"Gallagher",-0.00305253168611732
"1083",677,"Gallagher",-0.00301428842019255
"1084",678,"Gallagher",-0.00283200667898863
"1085",679,"Gallagher",-0.00302047287424612
"1086",680,"Gallagher",-0.00276209084277677
"1087",681,"Gallagher",-0.00290138103399747
"1088",682,"Gallagher",-0.00264495462386873
"1089",683,"Gallagher",-0.00235728605298099
"1090",684,"Gallagher",-0.00238188475039788
"1091",685,"Gallagher",-0.00256051816985221
"1092",686,"Gallagher",-0.00231252981745134
"1093",687,"Gallagher",-0.0024414697079656
"1094",688,"Gallagher",-0.00224329621599501
"1095",689,"Gallagher",-0.00220395188934803
"1096",690,"Gallagher",-0.00196494089081696
"1097",691,"Gallagher",-0.00213452385902171
"1098",692,"Gallagher",-0.00215348173457532
"1099",693,"Gallagher",-0.00227471921663364
"1100",694,"Gallagher",-0.00202946778144382
"1101",695,"Gallagher",-0.00176267813292103
"1102",696,"Gallagher",-0.00192236189501369
"1103",697,"Gallagher",-0.00187553263529203
"1104",698,"Gallagher",-0.00162247437556109
"1105",699,"Gallagher",-0.00144900738198227
"1106",700,"Gallagher",-0.0015620628155226
"1107",701,"Gallagher",-0.00157675888080613
"1108",702,"Gallagher",-0.00173020820981039
"1109",703,"Gallagher",-0.00145876296750368
"1110",704,"Gallagher",-0.00156044777755598
"1111",705,"Gallagher",-0.00128444806538116
"1112",706,"Gallagher",-0.00101488409342593
"1113",707,"Gallagher",-0.00115648167688016
"1114",708,"Gallagher",-0.00110788739228723
"1115",709,"Gallagher",-0.00111703580245279
"1116",710,"Gallagher",-0.000928321644610146
"1117",711,"Gallagher",-0.00069949592071418
"1118",712,"Gallagher",-0.000796526305507007
"1119",713,"Gallagher",-0.000932447813032811
"1120",714,"Gallagher",-0.000930708472630971
"1121",715,"Gallagher",-0.000759536224678579
"1122",716,"Gallagher",-0.00070466107824322
"1123",717,"Gallagher",-0.000794176062402188
"1124",718,"Gallagher",-0.000563233475134692
"1125",719,"Gallagher",-0.000693780145176091
"1126",720,"Gallagher",-0.000464647777203869
"1127",721,"Gallagher",-0.000240453747616207
"1128",722,"Gallagher",-0.0000216298395244452
"1129",723,"Gallagher",-0.000138758256700636
"1130",724,"Gallagher",-0.000135769240108344
"1131",725,"Gallagher",-0.000222643724427235
"1132",726,"Gallagher",-0.000165840197627741
"1133",727,"Gallagher",-0.000275123957437458
"1134",728,"Gallagher",-0.000350540887797297
"1135",729,"Gallagher",-0.000129477638778866
"1136",730,"Gallagher",0.000051546268825392
"1137",731,"Gallagher",0.0000596008010314356
"1138",732,"Gallagher",0.000226182824818906
"1139",733,"Gallagher",0.000160531665720859
"1140",734,"Gallagher",0.00022223122925092
"1141",735,"Gallagher",0.000241801077386083
"1142",736,"Gallagher",0.000468264824794104
"1143",737,"Gallagher",0.000412936619899558
"1144",738,"Gallagher",0.00066941081461399
"1145",739,"Gallagher",0.000882845317751312
"1146",740,"Gallagher",0.00095426813971828
"1147",741,"Gallagher",0.00118586390357527
"1148",742,"Gallagher",0.00121288808616068
"1149",743,"Gallagher",0.00116489445964251
"1150",744,"Gallagher",0.00140082772149649
"1151",745,"Gallagher",0.00158085998880029
"1152",746,"Gallagher",0.00174707215646874
"1153",747,"Gallagher",0.00195382360237537
"1154",748,"Gallagher",0.00191548248788922
"1155",749,"Gallagher",0.00212749883167602
"1156",750,"Gallagher",0.00215876730318595
"1157",751,"Gallagher",0.00236493332334119
"1158",752,"Gallagher",0.00243529073258292
"1159",753,"Gallagher",0.00264324130343404
"1160",754,"Gallagher",0.0028784149434079
"1161",755,"Gallagher",0.00284485577527868
"1162",756,"Gallagher",0.00288361563773058
"1163",757,"Gallagher",0.00296348500978984
"1164",758,"Gallagher",0.0031677013848059
"1165",759,"Gallagher",0.0031426675711671
"1166",760,"Gallagher",0.0033821860891684
"1167",761,"Gallagher",0.0036058257402954
"1168",762,"Gallagher",0.00365165951892211
"1169",763,"Gallagher",0.00363601630549667
"1170",764,"Gallagher",0.00379530719393306
"1171",765,"Gallagher",0.00396685900661774
"1172",766,"Gallagher",0.00418676538823891
"1173",767,"Gallagher",0.00426797514042116
"1174",768,"Gallagher",0.0044644390180815
"1175",769,"Gallagher",0.00445427616672361
"1176",770,"Gallagher",0.00450220294734575
"1177",771,"Gallagher",0.00470531100575683
"1178",772,"Gallagher",0.00479470114174369
"1179",773,"Gallagher",0.00501255972209712
"1180",774,"Gallagher",0.00520436845771383
"1181",775,"Gallagher",0.00526073610850219
"1182",776,"Gallagher",0.0054548066220716
"1183",777,"Gallagher",0.00561434186739981
"1184",778,"Gallagher",0.00584103418962616
"1185",779,"Gallagher",0.00603599393342578
"1186",780,"Gallagher",0.00625888400428296
"1187",781,"Gallagher",0.00645270991740663
"1188",782,"Gallagher",0.00654450156378265
"1189",783,"Gallagher",0.00660468576764525
"1190",784,"Gallagher",0.00677024091642371
"1191",785,"Gallagher",0.00697081216463224
"1192",786,"Gallagher",0.00716089456832732
"1193",787,"Gallagher",0.0072301770025739
"1194",788,"Gallagher",0.00732780581129085
"1195",789,"Gallagher",0.00748857305409208
"1196",790,"Gallagher",0.00756720655193355
"1197",791,"Gallagher",0.00775426191317786
"1198",792,"Gallagher",0.00795613469292377
"1199",793,"Gallagher",0.0080609690042312
"1200",794,"Gallagher",0.00822970969794088
"1201",795,"Gallagher",0.00831457387551551
"1202",796,"Gallagher",0.00849786372795296
"1203",797,"Gallagher",0.00861067929659689
"1204",798,"Gallagher",0.00880105914079956
"1205",799,"Gallagher",0.00898591891625473
"1206",800,"Gallagher",0.00907664282632402
"1207",600,"Grofman",0.00480968624532609
"1208",601,"Grofman",0.00533821573807794
"1209",602,"Grofman",0.00586870130168259
"1210",603,"Grofman",0.00558454276204275
"1211",604,"Grofman",0.00527809385147063
"1212",605,"Grofman",0.00511277573980017
"1213",606,"Grofman",0.00465419505530172
"1214",607,"Grofman",0.00425404892808988
"1215",608,"Grofman",0.00482008288876526
"1216",609,"Grofman",0.00465615516335338
"1217",610,"Grofman",0.00438751154137222
"1218",611,"Grofman",0.00407926106588669
"1219",612,"Grofman",0.00460794468516283
"1220",613,"Grofman",0.00518171108463014
"1221",614,"Grofman",0.00501921823377914
"1222",615,"Grofman",0.00475350673297123
"1223",616,"Grofman",0.00529487971613953
"1224",617,"Grofman",0.00484311516195592
"1225",618,"Grofman",0.0045397462731511
"1226",619,"Grofman",0.00414360302181892
"1227",620,"Grofman",0.00397703635229299
"1228",621,"Grofman",0.00374156327493889
"1229",622,"Grofman",0.00313258075653619
"1230",623,"Grofman",0.00366418921747765
"1231",624,"Grofman",0.00418539089334256
"1232",625,"Grofman",0.00387823310675176
"1233",626,"Grofman",0.00366951591463421
"1234",627,"Grofman",0.00332222967380859
"1235",628,"Grofman",0.00380900823357858
"1236",629,"Grofman",0.00339245070124364
"1237",630,"Grofman",0.00295124033397566
"1238",631,"Grofman",0.00268903174944314
"1239",632,"Grofman",0.00252168379145133
"1240",633,"Grofman",0.00222093268325797
"1241",634,"Grofman",0.00276146410751706
"1242",635,"Grofman",0.00250037172897884
"1243",636,"Grofman",0.00233230231668595
"1244",637,"Grofman",0.00194472095788531
"1245",638,"Grofman",0.00164519958394489
"1246",639,"Grofman",0.00218731693733713
"1247",640,"Grofman",0.00175104780897727
"1248",641,"Grofman",0.00148967741331278
"1249",642,"Grofman",0.00206206735769054
"1250",643,"Grofman",0.00151840417231247
"1251",644,"Grofman",0.00208061117013618
"1252",645,"Grofman",0.00262177114310672
"1253",646,"Grofman",0.00317472024214276
"1254",647,"Grofman",0.00295967668313364
"1255",648,"Grofman",0.00254000960848882
"1256",649,"Grofman",0.00220683762039472
"1257",650,"Grofman",0.00190981447758219
"1258",651,"Grofman",0.00144120738731567
"1259",652,"Grofman",0.00195461823555695
"1260",653,"Grofman",0.00162512955275544
"1261",654,"Grofman",0.00133100324853623
"1262",655,"Grofman",0.000924407994385298
"1263",656,"Grofman",0.00147062242998539
"1264",657,"Grofman",0.00202807742663351
"1265",658,"Grofman",0.00174649998709724
"1266",659,"Grofman",0.00149978374186437
"1267",660,"Grofman",0.00108202802421377
"1268",661,"Grofman",0.00163303609874099
"1269",662,"Grofman",0.00126777126034851
"1270",663,"Grofman",0.000745300071375452
"1271",664,"Grofman",0.000502201291476101
"1272",665,"Grofman",0.000222303225607276
"1273",666,"Grofman",0.000331698402786434
"1274",667,"Grofman",0.000781286878039217
"1275",668,"Grofman",0.000380282493904663
"1276",669,"Grofman",0.0000977485188227295
"1277",670,"Grofman",-0.00035296129923286
"1278",671,"Grofman",-0.000671784190364885
"1279",672,"Grofman",-0.000200877461697904
"1280",673,"Grofman",-0.000480663830663461
"1281",674,"Grofman",-0.000795887979955792
"1282",675,"Grofman",-0.000287286399439715
"1283",676,"Grofman",-0.000683694373954172
"1284",677,"Grofman",-0.00112737079279213
"1285",678,"Grofman",-0.00167346780613728
"1286",679,"Grofman",-0.00195145948404947
"1287",680,"Grofman",-0.00144831880479628
"1288",681,"Grofman",-0.00175864994013437
"1289",682,"Grofman",-0.00121615334492979
"1290",683,"Grofman",-0.000701293912626924
"1291",684,"Grofman",-0.0010479245557873
"1292",685,"Grofman",-0.00127901395473128
"1293",686,"Grofman",-0.000738155916368
"1294",687,"Grofman",-0.00100198224485525
"1295",688,"Grofman",-0.000717975012716657
"1296",689,"Grofman",-0.00115209771848514
"1297",690,"Grofman",-0.000653124894563373
"1298",691,"Grofman",-0.000921352988172378
"1299",692,"Grofman",-0.00130469253416068
"1300",693,"Grofman",-0.00160710842977838
"1301",694,"Grofman",-0.00111283773824253
"1302",695,"Grofman",-0.00064043104598667
"1303",696,"Grofman",-0.000905416583912161
"1304",697,"Grofman",-0.00133298066670993
"1305",698,"Grofman",-0.000853087503577848
"1306",699,"Grofman",-0.00138150137324923
"1307",700,"Grofman",-0.00167789370523362
"1308",701,"Grofman",-0.0020543759298995
"1309",702,"Grofman",-0.00231791704671067
"1310",703,"Grofman",-0.00185525906889779
"1311",704,"Grofman",-0.00214926695171191
"1312",705,"Grofman",-0.00169337797356076
"1313",706,"Grofman",-0.00123702938644168
"1314",707,"Grofman",-0.00149464624779667
"1315",708,"Grofman",-0.00188024811032884
"1316",709,"Grofman",-0.00221091750199118
"1317",710,"Grofman",-0.00176383742345836
"1318",711,"Grofman",-0.00128111922457548
"1319",712,"Grofman",-0.00156943541441461
"1320",713,"Grofman",-0.00182510046144713
"1321",714,"Grofman",-0.00219196897900133
"1322",715,"Grofman",-0.00246378094466514
"1323",716,"Grofman",-0.00292178655569993
"1324",717,"Grofman",-0.00325549423658202
"1325",718,"Grofman",-0.00282188189134877
"1326",719,"Grofman",-0.00312270695914721
"1327",720,"Grofman",-0.00269079669167512
"1328",721,"Grofman",-0.00222053370751812
"1329",722,"Grofman",-0.00174090339013128
"1330",723,"Grofman",-0.0019890442730959
"1331",724,"Grofman",-0.00234945529262766
"1332",725,"Grofman",-0.00263277435178745
"1333",726,"Grofman",-0.00303813434178966
"1334",727,"Grofman",-0.00328699406518843
"1335",728,"Grofman",-0.00356932697627071
"1336",729,"Grofman",-0.00309074351044507
"1337",730,"Grofman",-0.00257953346069843
"1338",731,"Grofman",-0.00293647271892877
"1339",732,"Grofman",-0.00294901206477842
"1340",733,"Grofman",-0.00327204067806647
"1341",734,"Grofman",-0.00371719060900629
"1342",735,"Grofman",-0.00411517501825213
"1343",736,"Grofman",-0.00369384318816406
"1344",737,"Grofman",-0.00401379178542008
"1345",738,"Grofman",-0.00362514883865754
"1346",739,"Grofman",-0.00319717190936675
"1347",740,"Grofman",-0.00363489846656687
"1348",741,"Grofman",-0.00322851090956451
"1349",742,"Grofman",-0.00361857861806068
"1350",743,"Grofman",-0.00391886536411347
"1351",744,"Grofman",-0.00347616199843885
"1352",745,"Grofman",-0.00297546549824033
"1353",746,"Grofman",-0.002608977488609
"1354",747,"Grofman",-0.00218877886423186
"1355",748,"Grofman",-0.00249574422566272
"1356",749,"Grofman",-0.00208488736150424
"1357",750,"Grofman",-0.00246838236711065
"1358",751,"Grofman",-0.00205563275508168
"1359",752,"Grofman",-0.00248397681597026
"1360",753,"Grofman",-0.00207717446500873
"1361",754,"Grofman",-0.00170396104174846
"1362",755,"Grofman",-0.00200418224259445
"1363",756,"Grofman",-0.00238132699877214
"1364",757,"Grofman",-0.00280355955943239
"1365",758,"Grofman",-0.00239583464822538
"1366",759,"Grofman",-0.00269355170915951
"1367",760,"Grofman",-0.00233236175646993
"1368",761,"Grofman",-0.00195551799039374
"1369",762,"Grofman",-0.00232621263174974
"1370",763,"Grofman",-0.00261931227241838
"1371",764,"Grofman",-0.00216478748616843
"1372",765,"Grofman",-0.00172753537195088
"1373",766,"Grofman",-0.00135644041179613
"1374",767,"Grofman",-0.00177043723813507
"1375",768,"Grofman",-0.00137146596349204
"1376",769,"Grofman",-0.00165828601655944
"1377",770,"Grofman",-0.00202368414120067
"1378",771,"Grofman",-0.00163636603801572
"1379",772,"Grofman",-0.0020448839708482
"1380",773,"Grofman",-0.00168156338889754
"1381",774,"Grofman",-0.00128426665274489
"1382",775,"Grofman",-0.00164304911376907
"1383",776,"Grofman",-0.00125116471393506
"1384",777,"Grofman",-0.000810269178210546
"1385",778,"Grofman",-0.000475218839913236
"1386",779,"Grofman",-0.0000948375137236057
"1387",780,"Grofman",0.000238211603260069
"1388",781,"Grofman",0.000613272234637544
"1389",782,"Grofman",0.000215416075416613
"1390",783,"Grofman",-0.000134094381759389
"1391",784,"Grofman",0.000280754045889661
"1392",785,"Grofman",0.000637679212204534
"1393",786,"Grofman",0.00101060248373332
"1394",787,"Grofman",0.000666994543384189
"1395",788,"Grofman",0.000275349983175285
"1396",789,"Grofman",0.000702624521368975
"1397",790,"Grofman",0.000362824771106524
"1398",791,"Grofman",0.000737158483202341
"1399",792,"Grofman",0.0010796277922125
"1400",793,"Grofman",0.000693913364996121
"1401",794,"Grofman",0.00110064778391168
"1402",795,"Grofman",0.00076661423786803
"1403",796,"Grofman",0.00113894336650749
"1404",797,"Grofman",0.000758230287666126
"1405",798,"Grofman",0.00111432903989843
"1406",799,"Grofman",0.00147892856973375
"1407",800,"Grofman",0.00115066626434393
"1408",600,"Rose",0.00759500604807228
"1409",601,"Rose",0.00857115690775057
"1410",602,"Rose",0.00954406474131697
"1411",603,"Rose",0.00889254348505075
"1412",604,"Rose",0.00826928011097194
"1413",605,"Rose",0.00764807711168347
"1414",606,"Rose",0.00702892428731006
"1415",607,"Rose",0.00641181150519166
"1416",608,"Rose",0.00744146554143554
"1417",609,"Rose",0.0068257019946375
"1418",610,"Rose",0.00621195734471414
"1419",611,"Rose",0.00560022167891505
"1420",612,"Rose",0.00662447207738326
"1421",613,"Rose",0.00764538071272425
"1422",614,"Rose",0.00703429941765699
"1423",615,"Rose",0.00642520537883384
"1424",616,"Rose",0.00744146554143554
"1425",617,"Rose",0.00683368596282929
"1426",618,"Rose",0.00622787330842578
"1427",619,"Rose",0.0056240180454743
"1428",620,"Rose",0.00502211070272585
"1429",621,"Rose",0.00488969203841039
"1430",622,"Rose",0.00422951837390295
"1431",623,"Rose",0.00517660048359925
"1432",624,"Rose",0.00612064707371329
"1433",625,"Rose",0.00546167271473896
"1434",626,"Rose",0.00480480370515424
"1435",627,"Rose",0.00415002997151726
"1436",628,"Rose",0.00508969819244598
"1437",629,"Rose",0.00446054344286628
"1438",630,"Rose",0.00387003697000687
"1439",631,"Rose",0.00328140214999328
"1440",632,"Rose",0.00269463009839754
"1441",633,"Rose",0.0021097119869331
"1442",634,"Rose",0.0031039261092588
"1443",635,"Rose",0.00252020569891576
"1444",636,"Rose",0.00193832088734747
"1445",637,"Rose",0.00135826302966158
"1446",638,"Rose",0.00078002353516593
"1447",639,"Rose",0.00176853909386121
"1448",640,"Rose",0.00119146554143545
"1449",641,"Rose",0.000616192530515036
"1450",642,"Rose",0.00160034404610843
"1451",643,"Rose",0.00102622448389267
"1452",644,"Rose",0.00200668293273987
"1453",645,"Rose",0.0029841012003502
"1454",646,"Rose",0.00395849340521259
"1455",647,"Rose",0.00384436205013305
"1456",648,"Rose",0.0032122899986895
"1457",649,"Rose",0.00258216578099468
"1458",650,"Rose",0.00195398040704664
"1459",651,"Rose",0.00132772494208144
"1460",652,"Rose",0.00223713283743832
"1461",653,"Rose",0.00161236184184455
"1462",654,"Rose",0.000989501460916253
"1463",655,"Rose",0.000380396839145369
"1464",656,"Rose",0.00134390456582578
"1465",657,"Rose",0.0023044792400656
"1466",658,"Rose",0.00174237739553884
"1467",659,"Rose",0.00118198147466764
"1468",660,"Rose",0.000623283723253709
"1469",661,"Rose",0.0015791357381072
"1470",662,"Rose",0.0010215259643962
"1471",663,"Rose",0.00046559827145054
"1472",664,"Rose",-0.000088654940492261
"1473",665,"Rose",-0.000641241225481815
"1474",666,"Rose",-0.000332921879855674
"1475",667,"Rose",0.000558524288951756
"1476",668,"Rose",-0.0000497045307700228
"1477",669,"Rose",-0.000656115028160875
"1478",670,"Rose",-0.00126071534496253
"1479",671,"Rose",-0.00186351357438175
"1480",672,"Rose",-0.00097642252335628
"1481",673,"Rose",-0.00157785180234871
"1482",674,"Rose",-0.00217749642472698
"1483",675,"Rose",-0.00129388284081666
"1484",676,"Rose",-0.00189217343910719
"1485",677,"Rose",-0.00248869656147965
"1486",678,"Rose",-0.00308346002862392
"1487",679,"Rose",-0.00367647161515794
"1488",680,"Rose",-0.0027971508146728
"1489",681,"Rose",-0.00338819671994484
"1490",682,"Rose",-0.00245589516237688
"1491",683,"Rose",-0.00152632362401106
"1492",684,"Rose",-0.00206145843517269
"1493",685,"Rose",-0.00259503080892942
"1494",686,"Rose",-0.0016693216305762
"1495",687,"Rose",-0.00220191146002013
"1496",688,"Rose",-0.00166855984340064
"1497",689,"Rose",-0.00225501814157458
"1498",690,"Rose",-0.00139050119830453
"1499",691,"Rose",-0.00197566447773578
"1500",692,"Rose",-0.00255913653381601
"1501",693,"Rose",-0.00314092468785843
"1502",694,"Rose",-0.00228011402877693
"1503",695,"Rose",-0.00142178052267117
"1504",696,"Rose",-0.00200269510135309
"1505",697,"Rose",-0.0025819427802396
"1506",698,"Rose",-0.0017268659672095
"1507",699,"Rose",-0.00230485089041133
"1508",700,"Rose",-0.00288118442811824
"1509",701,"Rose",-0.00345587364760058
"1510",702,"Rose",-0.00402892557585932
"1511",703,"Rose",-0.00317787209322695
"1512",704,"Rose",-0.00374969092162469
"1513",705,"Rose",-0.00290144785263691
"1514",706,"Rose",-0.00205560773851887
"1515",707,"Rose",-0.00262658753985801
"1516",708,"Rose",-0.00315175479754759
"1517",709,"Rose",-0.00366572768846574
"1518",710,"Rose",-0.00292142587681032
"1519",711,"Rose",-0.00208150590692069
"1520",712,"Rose",-0.00264843964481165
"1521",713,"Rose",-0.00321378310573794
"1522",714,"Rose",-0.00377754297153554
"1523",715,"Rose",-0.00401737780109823
"1524",716,"Rose",-0.00464049769796115
"1525",717,"Rose",-0.00526187946400991
"1526",718,"Rose",-0.00448877270146253
"1527",719,"Rose",-0.00510863702865794
"1528",720,"Rose",-0.00433789062161105
"1529",721,"Rose",-0.00351918720204336
"1530",722,"Rose",-0.00269123587251874
"1531",723,"Rose",-0.00324870072924444
"1532",724,"Rose",-0.00380462562780248
"1533",725,"Rose",-0.0043590169404335
"1534",726,"Rose",-0.00491188100426931
"1535",727,"Rose",-0.00546322412157474
"1536",728,"Rose",-0.0060130525599863
"1537",729,"Rose",-0.00518963044026799
"1538",730,"Rose",-0.00436846427156246
"1539",731,"Rose",-0.00491753385160854
"1540",732,"Rose",-0.00481603269811381
"1541",733,"Rose",-0.00542361140378478
"1542",734,"Rose",-0.00602953458164746
"1543",735,"Rose",-0.00663380898895805
"1544",736,"Rose",-0.00587774569407484
"1545",737,"Rose",-0.00648058623445591
"1546",738,"Rose",-0.00572677951049994
"1547",739,"Rose",-0.0049750128588687
"1548",740,"Rose",-0.00557662936034986
"1549",741,"Rose",-0.0048270944002885
"1550",742,"Rose",-0.00542728864497144
"1551",743,"Rose",-0.0060075062892988
"1552",744,"Rose",-0.00520069287665892
"1553",745,"Rose",-0.00439604540606642
"1554",746,"Rose",-0.00379052690400605
"1555",747,"Rose",-0.00304940333914794
"1556",748,"Rose",-0.00364715978382146
"1557",749,"Rose",-0.00290820659846913
"1558",750,"Rose",-0.00350455728827781
"1559",751,"Rose",-0.00276776190434525
"1560",752,"Rose",-0.0033627133166465
"1561",753,"Rose",-0.00262806326437337
"1562",754,"Rose",-0.00189536188597894
"1563",755,"Rose",-0.00248910474964636
"1564",756,"Rose",-0.00308127686499737
"1565",757,"Rose",-0.0036718844569259
"1566",758,"Rose",-0.0029416725037571
"1567",759,"Rose",-0.00353090774941078
"1568",760,"Rose",-0.00280280290231283
"1569",761,"Rose",-0.00207661160277617
"1570",762,"Rose",-0.00266466227515438
"1571",763,"Rose",-0.00325117153030485
"1572",764,"Rose",-0.00252724489735279
"1573",765,"Rose",-0.00180521088304897
"1574",766,"Rose",-0.00108506207504888
"1575",767,"Rose",-0.00167057206446197
"1576",768,"Rose",-0.000952473954944466
"1577",769,"Rose",-0.00153663357783129
"1578",770,"Rose",-0.00211927590299632
"1579",771,"Rose",-0.00140338997310263
"1580",772,"Rose",-0.0019846954575351
"1581",773,"Rose",-0.00127083585662613
"1582",774,"Rose",-0.000558820854169251
"1583",775,"Rose",-0.00113896589042828
"1584",776,"Rose",-0.000428955913707285
"1585",777,"Rose",0.000279226495506046
"1586",778,"Rose",0.000985588384387226
"1587",779,"Rose",0.00169013676392593
"1588",780,"Rose",0.00239287860915816
"1589",781,"Rose",0.00309382085939613
"1590",782,"Rose",0.00251419803994046
"1591",783,"Rose",0.00193605573854216
"1592",784,"Rose",0.0026348984940352
"1593",785,"Rose",0.00333196075843134
"1594",786,"Rose",0.00402724932749832
"1595",787,"Rose",0.00345012293196789
"1596",788,"Rose",0.0028744613242434
"1597",789,"Rose",0.00356768605772984
"1598",790,"Rose",0.00299333300708093
"1599",791,"Rose",0.00368465467969525
"1600",792,"Rose",0.00437423059051012
"1601",793,"Rose",0.00380103329600134
"1602",794,"Rose",0.0044887256672218
"1603",795,"Rose",0.00391682635952095
"1604",796,"Rose",0.00460264539178923
"1605",797,"Rose",0.00403203827843079
"1606",798,"Rose",0.00471599409016832
"1607",799,"Rose",0.00539823787233973
"1608",800,"Rose",0.0048287760450556
